transaction_id,transaction_status,merchant_id,merchant_name,order_total_amount,order_tax_amount,shipping_address,shipping_city,shipping_state,shipping_zip,payment_datetime,payment_method,payment_bank_account_number,payment_digital_wallet_account_number,payment_attempt,payment_status,customer_name,customer_email,customer_phone,customer_id
9081c7bf-2a2e-4a7a-9827-9ab7c9748eb1,Success,33583c6e-7195-4103-8b0a-7599d25e7767,Wilcox Carter and Williams,153.09,15.31,Level 4 833 Frank Freeway,Reyesland,TAS,0825,2023-10-22 12:02:32,bank,862250,,2,Success,Courtney Clarke,zfischer@example.com,0444-461-177,173bfba3-62be-47bc-8587-d0394396dd3a
d9865b55-ee3c-43c7-bdb1-34b21f679319,Success,fdd534f7-127b-4d87-86d8-aaa70cf68b76,Kelley Ltd,288.4,28.84,9 Blake Driveway,North Sabrinaberg,SA,2079,2023-10-23 05:18:54,bank,193663,,5,Success,Lisa Allen,ronaldwall@example.net,+61.464.840.435,181fccbc-f4f6-4f47-b622-fd733ed454b1
14028658-df6c-4a48-b231-b2983a11d93b,Success,e0574e94-9b11-46a9-97cf-c3f8379c1296,Gonzalez LLC,203.4,20.34,Flat 25 05 Mitchell Byway,West Tiffany,TAS,0294,2023-10-23 11:03:10,bank,130270,,1,Success,Marissa Johnson,hernandezscott@example.org,+61.2.3532.7461,22f495a6-d02d-4f2c-9fc8-72e05e1fa48a
f72dbd40-fbf7-4532-9c75-a276afe731f2,Success,211992b5-34c9-4b85-adba-afa08440bd53,Roberson PLC,31.61,3.16,Level 3 750 Bennett Arcade,New Catherine,SA,2688,2023-10-22 14:28:10,digital_wallet,,wallet_roberson_plc_6b8ff72,2,Success,Eric Nelson,david86@example.com,+61-2-6032-3037,93c2fa99-762a-4a0b-9114-94432a5097bb
b5350073-9180-4bfb-ac6e-508d991bef13,Success,a17f2aab-3650-4755-b23a-821356e5a8fc,Willis Inc,251.15,25.12,0/773 Pierce Anchorage,Taylorborough,ACT,2925,2023-10-22 17:41:06,bank,986138,,2,Success,Cynthia Holland,jcurtis@example.net,+61-3-3475-9119,967675e2-abb7-41a2-8a02-e1533a2ddad9
01168d85-96ea-4502-b7ab-610ca18e88a9,Fraud,e163b6be-8b53-45d1-a63d-1ae98c9d06dd,Franklin PLC,260.8,26.08,1 Nicholas Corso,North Craig,ACT,3344,2023-10-23 11:02:59,bank,734874,,1,Fraud,James Walker,janet14@example.com,+61-467-291-205,8625e2da-9799-48f3-be00-d1bb64b8811e
f3742c2e-0d37-4411-ba42-d0261bb9e660,Pending,1833e2a6-5916-479a-92b0-31eadf877fc3,StephensWalker,467.05,46.71,96 Ramirez Court,South Whitney,VIC,2034,2023-10-22 13:31:06,digital_wallet,,wallet_stephenswalker_d8d0593,1,Pending,Eric Martin,ravenhendricks@example.org,+61.3.5935.4454,f4e1e20e-b1eb-4e71-b404-cc0e52d4129e
0569f7c9-36b2-40ba-ac02-52793214832e,Success,74552a41-5bdd-44e7-ab6a-d31c0210d935,MartinezDiaz,155.49,15.55,Suite 010 9 Duncan Highroad,Lake Amyview,NSW,5092,2023-10-23 10:09:01,bank,144944,,2,Success,Mark Glenn,angela05@example.com,(03) 4304 9076,9cd4e276-794d-4baf-8747-460d20b1fd29
8e56cac3-1b71-4b49-b853-014528522c0c,Success,7bd0566a-ad06-4423-a7f8-f4bc9b12b40d,Sanders Washington and Wheeler,94.15,9.42,988 Jackson Quadrangle,Vasquezton,QLD,2928,2023-10-22 12:51:02,bank,178335,,4,Success,Stephanie Kelly,stephanie94@example.com,8029 4026,5aa78cad-f39d-40a5-b69b-bf0bfbb3ea1e
92925a78-6769-4a7c-a26f-59f24f7b6565,Pending,1bce9184-c570-4f78-9524-8c8571579a01,Ingram Ltd,277.7,27.77,02 Martin Deviation,Ashleyville,ACT,2654,2023-10-23 09:32:54,bank,529571,,2,Pending,Kayla Kennedy,jpayne@example.net,0901 8564,4e049ccc-1a48-425b-ac41-73da76db8cee
6ac46eae-08ba-4aab-810c-b096d4c338e3,Success,9b6d1ae8-c651-496f-9eae-394263ef970c,WilsonMclean,288.66,28.87,9 Martin Extension,Mallorychester,QLD,2622,2023-10-22 04:04:21,bank,535650,,1,Success,Justin Taylor,zstafford@example.com,+61-3-8442-9568,eb24b71e-a477-40cc-9049-0932d837079c
26f5420e-39c4-44da-ac86-9372a3ed3185,Success,66a0fa97-9ec7-44df-b063-eb005c50d395,Nichols Inc,140.89,14.09,119 Lewis Grange,Davidton,ACT,0290,2023-10-22 17:01:46,bank,682531,,5,Success,Kevin Adams,matthewcraig@example.net,+61.453.875.147,f84cf2ed-bf1e-4272-8035-9f231f2eae97
e226f7ee-38ac-4292-809b-df0ac1f33998,Success,9b6d1ae8-c651-496f-9eae-394263ef970c,WilsonMclean,91.6,9.16,983 Blanchard Little,Amandatown,WA,0809,2023-10-23 02:52:54,bank,286436,,4,Success,Debra Jackson,rochajames@example.com,(07) 1792 2946,ae39b681-7c04-4b84-a32e-047de860d7f1
8d336c8e-9d10-4821-a34d-9358f03a4cb1,Success,ed1f6f98-d274-4330-99e3-03babc45f65a,HoltAllen,150.95,15.09,Suite 835 635 Daryl Cross,South Christian,SA,2901,2023-10-23 09:47:42,digital_wallet,,wallet_holtallen_9dc4b8b,1,Success,Willie Mitchell,afernandez@example.com,0461-553-236,0be633d1-60f8-4eba-abdc-4c8791229a98
6ad98078-b142-4029-9002-a63bc0b5374f,Success,4b31c401-fb5f-4316-8b26-396b10b26148,Torres Orozco and Cohen,66.68,6.67,22/26 Joshua Brace,Whitneyside,TAS,2890,2023-10-23 13:19:04,digital_wallet,,wallet_torres_orozco_and_cohen_5d70940,4,Success,Crystal Lane,teresa36@example.com,02.3488.0711,59433a70-247d-4320-8de4-ea763adb104d
b2ffaff4-1d02-4222-9608-421716432cba,Success,c7d5220c-3bb3-45ee-a78e-8cc2b15edf02,Smith Martin and Duncan,34.78,3.48,745 Jake Line,South Alexandrastad,ACT,2921,2023-10-23 14:51:51,digital_wallet,,wallet_smith_martin_and_duncan_0e49b6b,4,Success,Chad Williams,wrightsarah@example.org,0465.323.038,824cba8a-2d0e-470d-893f-cc5778154c13
b26ef1f0-0511-42d5-af9f-93005fedc9b3,Fraud,382d2f9c-0463-4c57-b228-5beded11c3bd,Gregory Murray and Smith,493.26,49.33,01 Luna Amble,West Kenneth,SA,2549,2023-10-23 20:32:48,bank,183819,,3,Fraud,Thomas Greene,kendra33@example.org,32795518,b54feda0-6460-49aa-924e-54a91f62b2b7
96335717-765d-4aa9-ba60-f568af528ca5,Success,1663c4c1-a5ae-4111-9bbd-38c485f79f45,Lane Stevens and Garza,151.04,15.1,8 Walker Villas,Tylermouth,TAS,9742,2023-10-23 01:14:08,bank,901206,,1,Success,Kenneth Hayes Jr.,byrdjared@example.net,0345619287,71acb60c-e0df-474a-8c15-a8c26f6e87c0
dfd531dc-6162-47df-8a64-fc98e89c2328,Success,e163b6be-8b53-45d1-a63d-1ae98c9d06dd,Franklin PLC,449.03,44.9,Level 7 5 Winters Ramp,Forbesmouth,NT,2917,2023-10-23 20:57:10,bank,127371,,3,Success,Jessica Yoder,jacquelinebrooks@example.org,(03).2213.2643,15273520-5977-48bd-b70f-31d50a461839
ae856b00-abc0-49d2-be04-2b8b828074de,Success,1833e2a6-5916-479a-92b0-31eadf877fc3,StephensWalker,328.52,32.85,2 Ashley Run,St. Tyler,QLD,2712,2023-10-22 16:00:39,digital_wallet,,wallet_stephenswalker_c82d986,2,Success,Megan Hanson,xallen@example.org,+61.2.8864.4596,d9c7599e-101f-49b0-8fa6-682d35bdeb4e
b24df344-70f8-46df-a01c-d21ead71dac5,Success,1ecf2918-e079-4563-b9eb-04a646d7c9bd,ThompsonYoung,468.7,46.87,Level 9 8 Phillips Circle,Rachelview,ACT,4937,2023-10-22 06:02:10,digital_wallet,,wallet_thompsonyoung_248a257,2,Success,Ashley Klein,brettmorris@example.org,(03) 4816 1481,82cd5d98-4ef8-4d9b-91b4-db677ca96300
2e27cdad-6394-4ba6-b3f8-60a29d5c038a,Failed,af5fbf2e-8f0c-4c04-8a3e-d0a4c9ba0df4,Reed LLC,18.33,1.83,5 Christina Triangle,Johnsonport,NSW,1622,2023-10-22 07:29:57,bank,909875,,1,Failed,Janice Scott,lscott@example.net,(02)-3467-4076,098723bc-97ba-4bc1-9f6c-81764127901d
a33e5ed3-7e66-4da3-9af1-9e67bcf251ee,Failed,e09c9f95-373c-40c1-9054-e8b297c2113f,Paul PLC,349.4,34.94,Flat 94 3 Yang Ground,North Jillian,QLD,1632,2023-10-22 02:26:35,bank,962775,,5,Failed,John Smith,gonzaleslorraine@example.net,0427 917 398,57e5e8f4-277a-47fa-83d1-9f1a83a87e48
c1ffb459-399b-4543-916f-e71c9c1a5db4,Success,1833e2a6-5916-479a-92b0-31eadf877fc3,StephensWalker,349.91,34.99,29 Allen Parklands,New Lori,ACT,2642,2023-10-22 21:04:08,bank,369292,,2,Success,Brittany Davis,amy86@example.org,5616.1141,22bc509b-8893-454d-a6df-04a5b2a550c2
26cf01bd-d140-4c24-83e2-dfd882c2bf43,Success,288a22ea-a702-4535-8d4c-7af205f99931,Ford French and Villegas,74.29,7.43,525 Clark State Highway,North Brenda,WA,2648,2023-10-22 16:33:06,bank,332099,,2,Success,Desiree Horn,christophercook@example.com,02-1416-2758,7a4da195-f1af-4cf1-880d-37bf2ef30edb
9c4dc40d-1374-4dc3-af24-03445cacb51f,Success,1663c4c1-a5ae-4111-9bbd-38c485f79f45,Lane Stevens and Garza,294.34,29.43,751 Williams Riviera,Lake Stephenburgh,NT,2601,2023-10-22 15:58:20,bank,890342,,5,Success,James Mccormick,lance84@example.org,0456 342 247,52abd003-26ab-4b17-9366-7d9e13baa5bc
69b5af25-9b63-4822-a31b-9f37083bd9c1,Fraud,bbe9a25a-2613-4d65-beba-a60d2e7cbfb4,Bowers Sellers and Davis,94.13,9.41,01/43 Jordan Nook,Christinamouth,WA,2901,2023-10-23 07:28:48,digital_wallet,,wallet_bowers_sellers_and_davis_41bc794,5,Fraud,Vincent Moore,umontgomery@example.org,+61866976515,2f13a105-3631-4221-bcba-e2568988be14
3429dfa8-f8d2-4c4d-8899-302f670c7739,Pending,dec101e2-cb44-46bd-a690-22b1dc5df207,Fletcher and Sons,369.81,36.98,Apt. 341 14 Alvarado Mount,Port Martinville,QLD,2554,2023-10-22 11:26:37,bank,275553,,2,Pending,Jordan Russell,seanfrey@example.org,+61726692247,b57c0169-2163-4012-980e-ead6bf28930c
e449b6f8-5064-4a8b-a50c-224a593fa9c3,Success,ea157136-dd72-4bed-a6fe-3e60099dc45e,WhiteRichard,79.91,7.99,489 Cole Line,East Lisa,VIC,2698,2023-10-23 08:09:20,bank,171082,,1,Success,Sheryl Russo,joannedaniels@example.com,7750.4827,561dd572-273b-47c4-ac11-59450d65d4a9
c764ac89-e419-4c9c-8c4f-89838c10f79f,Success,c8ce2812-f5ad-42b6-b24a-5db614ead0e7,Ortiz Valentine and Case,62.13,6.21,542 Nichols Boulevard,Port Janice,NSW,2663,2023-10-22 19:53:00,bank,273441,,5,Success,Lisa Castillo,antoniosanchez@example.net,+61-428-789-792,9835fca2-947d-4505-a10e-8ae9f4422265
e6a4df53-6e3b-4657-b59d-f1309a42e02e,Pending,714b778c-807b-4bbd-92ea-4313801b1e86,CookElliott,369.9,36.99,1 Max Vale,Lauraberg,QLD,2777,2023-10-22 21:13:25,digital_wallet,,wallet_cookelliott_4a6b757,4,Pending,Chris Dyer,jessica99@example.com,07.9401.7338,710f7e1a-ea0e-44b8-84b6-5000ce304947
0d8ada2c-801b-41cd-b39e-32f0f0a7473e,Success,34712837-4044-4f55-b3e2-bcc47f547710,Serrano Inc,460.69,46.07,4 Robinson Ridge,North Angelahaven,ACT,2642,2023-10-23 20:46:22,digital_wallet,,wallet_serrano_inc_d6a2fd4,2,Success,Christopher Peterson,rebecca52@example.net,+61-2-6861-8373,9f2f05d2-1978-4256-b6d7-d983dcd70a5c
e8089443-02f0-4065-938d-9ec3ded8a41c,Success,a612a565-42bf-45ca-9dd0-309220043640,Doyle Hall and Contreras,304.1,30.41,337 Hodges Lees,Davidton,TAS,2607,2023-10-23 00:00:07,bank,291042,,4,Success,Christina Mendez,haynesbrandy@example.org,0416-998-258,a193200d-df55-4544-bee3-6f9f4151cc51
786e3058-6c51-4e9d-9df1-694045f90174,Success,c09aa58d-e312-4dab-9f30-9fb9314a0391,Moore Ltd,222.6,22.26,42 Lawrence Basin,New Johnnymouth,WA,2487,2023-10-23 17:54:47,digital_wallet,,wallet_moore_ltd_4deb64b,2,Success,Angela Arellano,zlynn@example.net,+61703616839,05dbdde6-af8e-46ca-a5a8-f48579a7cf02
117718b9-f4d9-4001-83df-bcf86ca47fb2,Success,1ecf2918-e079-4563-b9eb-04a646d7c9bd,ThompsonYoung,435.87,43.59,856/12 Bruce Slope,East Daniel,WA,2543,2023-10-23 01:22:01,bank,406807,,2,Success,Andrew Nichols,fmendoza@example.org,+61-8-2757-8726,b8d14357-f5f7-4366-9345-7ff73e72a683
5ab8023f-d615-404a-a52a-5d90609d2c10,Success,adaca8ff-bbbc-470f-8fa4-08818631973b,Rojas Colon and Anderson,249.39,24.94,91/3 Michael Pathway,Lake Charles,ACT,2665,2023-10-23 16:57:52,bank,129876,,5,Success,Robin Werner,prios@example.com,+61-3-5748-2386,d443be26-d583-4c51-bdaa-b9fe0b0f663c
1098946d-a0d6-4e21-9a3b-58641d40e8d9,Success,43a6d815-6173-48fb-8bde-b0be7912c3b5,Hays and Sons,158.45,15.84,Level 6 651 Butler Crossway,Hicksborough,VIC,2924,2023-10-22 23:37:01,bank,890007,,1,Success,Jonathan Goodwin,donnafloyd@example.com,+61-485-140-143,4b18bd80-2b07-4be1-b329-09294d3ced63
e527c21a-3579-47c0-9fa8-3de10d57ac76,Success,66a0fa97-9ec7-44df-b063-eb005c50d395,Nichols Inc,175.07,17.51,Suite 728 77 Nicole Fairway,South Michaelville,NT,2325,2023-10-23 08:32:06,bank,885897,,3,Success,Mr. Christopher Koch,kristy25@example.com,(02) 8147 5259,45dcf077-bd75-4be2-971a-0aa4915759ba
01c1e1ec-c9ed-4270-ba7c-050ca35d6dc8,Success,6204df4c-15dc-43b1-8191-f2fb0891e357,FrazierDavis,80.48,8.05,6 Laurie Walk,St. Courtneybury,SA,2343,2023-10-22 19:24:38,bank,907763,,3,Success,David Thomas,thompsonalison@example.org,+61.3.8506.9551,28ac07f6-993b-41bd-9eb9-88caed0b12de
05050550-4c7d-4f62-86dd-887b2811751d,Fraud,74552a41-5bdd-44e7-ab6a-d31c0210d935,MartinezDiaz,198.72,19.87,679 Sanchez Turn,West Michael,QLD,2615,2023-10-23 20:18:50,digital_wallet,,wallet_martinezdiaz_dacb301,4,Fraud,Robert Campbell,yhayes@example.org,0403-690-945,ba497be5-9db6-4f83-a967-e2196c567339
fb973bd5-6a7d-4856-97f9-ee902dbe87ec,Success,85a50e12-9275-476c-88c1-435fe22b0339,Martin and Sons,83.9,8.39,Unit 84 79 Brenda Siding,Carolborough,WA,0913,2023-10-22 11:14:01,digital_wallet,,wallet_martin_and_sons_2682931,4,Success,Amy Clark,martinalex@example.net,(08).0916.3839,816fa993-a0f3-4a2a-9db7-9b90324945a1
ac9b4423-2188-42a5-bd00-1ded4fec25b1,Success,1833e2a6-5916-479a-92b0-31eadf877fc3,StephensWalker,79.28,7.93,534 Rachel Pass,Jamesburgh,SA,2040,2023-10-22 19:07:55,bank,158728,,4,Success,Cynthia Cabrera,hebertjacob@example.com,+61 451 448 369,b1362ebd-2dcd-4741-a400-328c0c92121f
700c5e48-7c70-4413-ae4e-19cd072f83eb,Success,1833e2a6-5916-479a-92b0-31eadf877fc3,StephensWalker,294.39,29.44,587 King Place,New Catherine,NT,2621,2023-10-22 12:06:47,digital_wallet,,wallet_stephenswalker_1a2d2b9,4,Success,David Ferrell,michelledavis@example.net,0453-026-271,a9a5783d-84a0-49fc-abf7-1678b5b45af1
0820cb62-4586-44a6-9357-4eb22cc98e65,Success,57ff77a1-4e3e-4866-96df-3e769456bf60,Goodwin Group,275.8,27.58,Flat 67 9 Shawn Arcade,Lake Kellybury,WA,2999,2023-10-22 06:34:08,digital_wallet,,wallet_goodwin_group_7ea8ae1,3,Success,Renee Hood,terranceholmes@example.com,0406.736.324,cae87ad1-bbc8-46d8-8fa9-058e9d41fec5
11d10807-714a-4d20-84fd-3da6ddc4c9e8,Success,af5fbf2e-8f0c-4c04-8a3e-d0a4c9ba0df4,Reed LLC,268.31,26.83,3 Downs Crossing,New Elijahhaven,QLD,2629,2023-10-23 08:23:58,bank,286839,,1,Success,Maria Melton,rward@example.org,0381048452,2cec0f9f-b378-46c0-8d1e-7550f6166450
64289267-9495-4c10-9f25-84aa47a21af6,Success,26e4e822-fe01-48bd-b19d-f5d0dcab7fe7,Gibson Group,161.9,16.19,20/576 Katrina Junction,East Douglasburgh,TAS,2961,2023-10-23 05:22:32,bank,789852,,5,Success,David Herrera,barbara79@example.org,+61-2-0345-2890,2eaab1ee-37cf-4f90-a6a2-37576495a58e
264a8e20-6930-4bc9-9490-1f832ba4b698,Success,8721099c-7ac1-4c02-9be5-9d52c8581e9d,Nelson Group,237.83,23.78,69/27 Koch Rosebowl,Moonton,WA,2949,2023-10-22 02:04:45,bank,761772,,4,Success,Veronica Hays,mcruz@example.org,+61269244373,f0cd9327-7e21-46dd-b572-fe50da1b5644
15be106d-5d98-410f-b3e4-7cbd7ad73763,Success,6bf77195-e24a-488d-ace8-681b391073f8,WillisSmith,201.36,20.14,Level 5 1 Schwartz Spur,Port Tylerview,NSW,6482,2023-10-22 09:34:27,bank,461760,,2,Success,Megan Ramos,edward48@example.com,+61-418-455-761,ced0672b-4abc-48a7-829b-8b0f0698b912
9fd66228-dd91-46be-8d4c-5d2c74e62295,Success,33583c6e-7195-4103-8b0a-7599d25e7767,Wilcox Carter and Williams,447.63,44.76,0 Morales Strip,New Randy,NSW,2986,2023-10-23 04:02:04,digital_wallet,,wallet_wilcox_carter_and_williams_3225429,3,Success,Marie Ellis,kfrey@example.net,+61 427 143 711,78a13b02-d722-47fb-85c8-422a11f9d949
07308eba-25ec-4b6e-a36f-f30caac500f8,Success,373c116f-09fc-4f71-9f09-a44fbeb70ac3,Pearson and Sons,441.04,44.1,Suite 284 325 Deleon Lower,North Colehaven,NSW,6658,2023-10-23 12:28:10,bank,457806,,3,Success,Amanda Gould,leonardfoster@example.net,(02)10525154,1ff3fb11-d2c5-442b-8edb-abc2b7a3a48b
9f520a79-7ffb-41d8-96b9-afa848e38679,Success,5918306d-f251-49a4-8c65-ace2d80dc433,Orozco Inc,328.19,32.82,Level 4 338 Bruce Range,New Isaiah,NT,6958,2023-10-23 18:58:21,bank,740218,,5,Success,Phyllis Jones,igarcia@example.com,8122.9945,3a863105-90b4-4994-96b3-7a6d9682a84a
170c64b1-357f-435d-8527-53184c99e79e,Fraud,cbd6a615-e96c-42fd-8402-c7c65d2b29cc,SmithJohnson,134.21,13.42,Level 0 78 Susan Pass,Reedstad,TAS,2632,2023-10-22 15:39:11,digital_wallet,,wallet_smithjohnson_5eefaa5,2,Fraud,Diana Flores,allenpatrick@example.net,(02).9913.6714,c07df5f6-487e-4b27-9a05-57c597db867d
6b253996-b35e-46c3-a813-ec71abccdf3a,Success,4bb0ad5b-c890-439b-988c-5d2d2edcb833,Hall Jordan and Rodriguez,195.55,19.56,3 Nicole Firetrail,St. Juan,NSW,2854,2023-10-23 04:16:19,bank,727312,,4,Success,Richard Lee,paula86@example.org,+61263889370,03460235-c513-4d0c-8d32-f77705e41a3a
9b266555-f315-45e7-a115-5b758b20ed94,Success,e09c9f95-373c-40c1-9054-e8b297c2113f,Paul PLC,455.34,45.53,59 Poole Copse,St. Jamie,NSW,2443,2023-10-22 12:58:50,bank,295948,,2,Success,John Hudson,glennwhite@example.com,0453.828.803,6c670ebe-97d2-451f-bf12-58961ab75c12
adcdbda4-ce4c-4d2c-99c0-46e9386dc4f1,Fraud,9b6d1ae8-c651-496f-9eae-394263ef970c,WilsonMclean,413.58,41.36,3/25 Mcdonald Anchorage,Morrisonmouth,NT,2156,2023-10-22 07:39:52,bank,375270,,4,Fraud,Brian Brown,marcusvilla@example.net,0287340622,02e8dd29-3ac7-44cd-b907-b9bbd4b16078
411d0b97-0572-4de1-9afc-eb6863e258ee,Failed,fa7d1727-e983-4406-8935-7ea97474ce4a,Smith Ltd,310.59,31.06,Unit 29 1 Christine Ground,St. Jacob,NT,2264,2023-10-22 17:28:14,bank,790774,,4,Failed,Melissa Barrett,andrearobertson@example.org,+61-2-3731-8362,0527db49-49b8-477f-8000-3f936f79372c
d513b7dc-5855-42b4-8bcc-136cf9578385,Success,8729c0a3-785e-4284-8bb6-af292e8edd3f,Guerrero Wallace and Mahoney,136.23,13.62,205 Young Cul-de-sac,Kevinmouth,WA,2396,2023-10-23 19:34:58,bank,912975,,5,Success,Kimberly Willis,paulmercer@example.com,07-1066-9377,ffd565ba-5c0a-48da-8628-0cfba7a1ece1
fb8cb350-4ebd-4cf3-ae8f-d8a1d0301008,Fraud,8c54d93f-d6c8-4292-941a-5612b877cdfc,Hernandez Ltd,158.06,15.81,82/8 Smith Strip,East Ashley,SA,4965,2023-10-23 15:20:24,bank,256038,,3,Fraud,Marcus Kaufman,karenwilliams@example.net,0438-173-415,e9a07468-8e46-4f41-8eff-83978250e176
766336cc-cb7f-4195-b732-aeb62daefc18,Success,c09aa58d-e312-4dab-9f30-9fb9314a0391,Moore Ltd,488.92,48.89,Apt. 331 47 Lauren Gully,West Bryan,SA,2928,2023-10-22 02:32:35,bank,314255,,5,Success,Jennifer Nolan,wrichard@example.net,+61 458 461 799,afe3e448-a89c-4369-962f-21c210d4d3af
82a4fcca-e1d3-4db5-8ac6-1fde9e072d45,Success,8c54d93f-d6c8-4292-941a-5612b877cdfc,Hernandez Ltd,310.76,31.08,Unit 66 10 Heidi Place,Burgessborough,NSW,2986,2023-10-23 13:59:38,bank,323236,,4,Success,Christopher Moyer,clewis@example.org,(02)30763401,00b67dc6-ea0f-4645-a89b-7949898cb323
659842d3-9fde-4026-ac3a-65c2f17ce561,Success,2b7d2a04-71a9-46a4-9b75-e84f6bfc7fe5,AllenTodd,197.21,19.72,Flat 59 4 Tami Slope,St. Stephenborough,QLD,2624,2023-10-22 06:15:18,bank,451946,,1,Success,Stephanie Hall,andrewsullivan@example.com,(07).2883.7294,5e540c11-d184-407b-a5a2-b5fa89464b74
774a9310-84de-47ae-a90d-8bb8d894b3b5,Success,bbe9a25a-2613-4d65-beba-a60d2e7cbfb4,Bowers Sellers and Davis,448.43,44.84,70/053 Anderson Tor,Hilltown,VIC,2783,2023-10-23 17:00:58,bank,352016,,4,Success,Tara Roberts,uallen@example.net,0726439760,f10891f8-0a9a-4259-b947-8e224695b801
15e80a5a-db3b-4988-9489-25c07e054e19,Success,43a6d815-6173-48fb-8bde-b0be7912c3b5,Hays and Sons,261.92,26.19,7 Katrina Interchange,North Ryan,SA,2699,2023-10-22 05:56:02,bank,176311,,2,Success,Connor Ford,michaelmayo@example.net,0280092959,ba8ff183-0985-4a41-9730-6f4352c11fcd
0d0f18b0-62fa-4988-90db-330fbe936ac7,Success,382d2f9c-0463-4c57-b228-5beded11c3bd,Gregory Murray and Smith,337.67,33.77,4/36 Catherine Crossroad,East Alice,WA,7354,2023-10-22 02:59:18,bank,736131,,2,Success,Maria Davis,pbean@example.com,+61-487-001-122,7c031865-4449-4afc-9f44-454a98dac30f
64ad612a-515a-43f3-992e-844b430fb17d,Success,6204df4c-15dc-43b1-8191-f2fb0891e357,FrazierDavis,448.53,44.85,80 Kelly Siding,South Anne,QLD,2224,2023-10-23 22:47:51,bank,970734,,4,Success,Jasmin George,johnsonedward@example.org,+61388850365,f592e350-991c-4a06-bf56-9ad5a19cee80
5880048a-36f5-4f2e-ae69-f6acaab98e88,Success,714b778c-807b-4bbd-92ea-4313801b1e86,CookElliott,108.15,10.82,6/562 Richard Grange,Port Thomasville,VIC,2663,2023-10-22 12:58:40,digital_wallet,,wallet_cookelliott_76ed8db,2,Success,Scott Young,tammypruitt@example.org,(02).3837.6079,be934b4e-920e-4bfa-93e1-739e4baa1c6b
02a59922-603e-4ce3-a3f7-548cd8f41deb,Success,e09c9f95-373c-40c1-9054-e8b297c2113f,Paul PLC,145.43,14.54,22 Elizabeth Basin,Port Melissatown,SA,5537,2023-10-22 11:09:36,digital_wallet,,wallet_paul_plc_0560733,4,Success,Mary Parks,xmiller@example.org,(03)-3572-5559,ef895e9e-a95d-4bc0-bbdb-368a797b9285
05d5404d-7709-4c77-b7df-9ef3f071b8b8,Success,f8bfe6dc-97b5-4302-9be1-3aa731d4c9b5,JohnsonJohnson,233.01,23.3,2 Autumn Corner,Melissahaven,WA,2981,2023-10-23 10:47:30,bank,764037,,2,Success,Kathryn Glenn,collinsmichael@example.net,+61 426 537 520,437c6431-1795-4b25-bfcf-d3ae22389f7a
ad4b7ce9-18c7-4fad-9c33-5bded0bb8265,Success,c7bff78a-9ffa-45cf-afe1-cf6ef9152db2,Thomas Olsen and Foster,414.76,41.48,Apt. 212 537 Caldwell Brae,North Angela,SA,0861,2023-10-23 00:45:35,digital_wallet,,wallet_thomas_olsen_and_foster_4295fcb,3,Success,Lisa Spears,lopezcarlos@example.net,0455.848.103,1d905952-3e95-4d67-976e-b05c7082c937
faa2638d-eb41-4765-ab9d-9bd4319b0ae4,Success,c3e093d3-5ca5-4bd8-a65b-02a98749da7a,Ferguson Ltd,208.04,20.8,26 Barnett Elbow,Lake Danielchester,SA,2997,2023-10-22 04:15:55,digital_wallet,,wallet_ferguson_ltd_c2237a0,1,Success,Jeffrey Becker,wanda19@example.com,08-0385-3136,ecd9daa0-e882-40bb-b892-738548b69d9c
62aef7f4-72e5-4428-b092-9752934c6bef,Success,bc7700fb-9047-4783-93e0-8ab4dacceb3e,MorrowJohnson,24.29,2.43,521 Brandt Anchorage,Evansland,VIC,2968,2023-10-22 04:03:40,bank,802083,,2,Success,Mindy Conner,teresa06@example.org,0411-6178,eecb7488-982d-4ff5-9271-16121a3926e3
33b4bbed-7967-4b15-abfd-1541a50b1d70,Success,5918306d-f251-49a4-8c65-ace2d80dc433,Orozco Inc,356.47,35.65,13 Torres Spur,North Christine,NSW,4764,2023-10-23 16:06:50,bank,992932,,3,Success,Peter Carrillo,ryanbarr@example.com,0741146326,f01bc5bd-6f97-45d9-b4c7-6e82e4d24f5c
5201e62c-4882-4442-bc62-43a527ecde48,Fraud,c8ce2812-f5ad-42b6-b24a-5db614ead0e7,Ortiz Valentine and Case,142.69,14.27,51/0 Green Stairs,Montgomeryshire,TAS,2651,2023-10-23 09:58:47,digital_wallet,,wallet_ortiz_valentine_and_case_ed5c012,1,Fraud,Luis Lopez,vschultz@example.org,+61-448-772-379,38a5d753-ad41-48d5-9123-7ad569995ae6
e093dd20-9d49-4e3a-a41f-0632daec45d3,Fraud,96990a64-c9a9-4588-ae37-30ba1e4ef65f,Thornton LLC,371.93,37.19,819/5 Wilson Formation,Jeremyside,NSW,7378,2023-10-23 10:37:19,bank,963815,,2,Fraud,Larry Evans,gary24@example.net,08-6018-7027,1a090fdb-955c-4b4e-bc8b-0ccc9cb262e9
03e40a90-710c-4ec3-a956-115b94af07d2,Success,d10ebb44-6337-4f49-acda-d9ae853f3679,Dodson Lang and Alvarez,240.05,24.01,13 Garrett Place,Tylerport,NT,2041,2023-10-23 06:43:24,bank,472001,,3,Success,Karen Chase,wallacekarl@example.com,(02).3298.1702,db571d69-186f-4f8b-bd50-7ff09b5c2535
36aada0c-fc6a-4238-a342-3246a29351f5,Success,b79fa303-22ca-4300-812c-3496562f2b12,ClarkMorales,157.87,15.79,91/050 Terry Way,East Garyview,NT,2354,2023-10-22 08:22:40,bank,434380,,5,Success,Jaime Hamilton,branchkevin@example.com,6321-1044,088cb445-cbba-4da2-a17b-78a68936e62b
89f27498-b1c2-4362-a2ea-d84881374cac,Pending,9b6d1ae8-c651-496f-9eae-394263ef970c,WilsonMclean,445.31,44.53,46 Billy Distributor,Meganton,TAS,2721,2023-10-22 17:40:25,bank,699372,,1,Pending,Stephen Blackburn DDS,marthabarrera@example.net,(03)84486462,2f078c1f-6415-45d5-a7fc-ff3e2fd19bab
0e9b7097-9ed8-4039-bf41-ecf00de304e6,Success,373c116f-09fc-4f71-9f09-a44fbeb70ac3,Pearson and Sons,304.06,30.41,Level 4 69 George Route,South Jason,VIC,2619,2023-10-23 17:45:51,bank,374378,,2,Success,David Cunningham,maciascaitlin@example.net,+61.435.722.213,74b1d23f-2896-4c7c-ad2b-9db05222d8b9
52a54de7-2dbf-49f4-a71d-fd93064a2341,Success,e09c9f95-373c-40c1-9054-e8b297c2113f,Paul PLC,157.14,15.71,5/9 Anderson Siding,St. Kurtmouth,QLD,2609,2023-10-23 15:09:16,bank,174697,,3,Success,Danielle Castillo,snyderjoseph@example.net,+61.455.138.635,60906c02-65bd-43f2-949f-c2f3df837ccf
f5071915-da5f-481e-b346-e91cc0ce0a26,Success,fdd67f70-d855-4d67-b3c7-97d3e2f7b06b,Ramirez Jones and Lynch,366.63,36.66,1 Blackburn Close,New Justinfurt,ACT,6033,2023-10-22 03:11:40,bank,446743,,3,Success,Douglas Mcdaniel,jsandoval@example.com,85368645,a0a6de5e-1e9f-4cb4-966a-67a9f5637173
12e374c1-420c-452a-bc72-bdcc737d14c0,Failed,556b6eec-caba-417e-a359-79116c5f4148,Steele Davenport and Chapman,239.66,23.97,Unit 89 9 Timothy Crescent,Edwardsbury,QLD,2619,2023-10-23 20:06:45,bank,372611,,3,Failed,Alec Rosales,paynejohn@example.com,(02)73058681,4f4e7ea4-5eca-450c-841c-d3273a5bed47
d8bf980d-1606-4597-90aa-ba7922fbd389,Success,4b31c401-fb5f-4316-8b26-396b10b26148,Torres Orozco and Cohen,339.82,33.98,Level 7 976 Martinez Trailer,East Aliciafort,VIC,2613,2023-10-23 16:07:20,bank,703989,,1,Success,Yvette Day,kevinwilliams@example.org,41864958,c52857a3-b67b-4a10-ba8e-092f0f6ea77c
8dcee876-5a57-47f6-aa42-28cc8ecdf15f,Pending,5f43b821-1b8a-4c2a-a58f-60d6a867d2ae,Ellis Group,173.99,17.4,7 Nunez Thoroughfare,Lake Taylorland,ACT,2537,2023-10-22 22:40:19,bank,661397,,1,Pending,Christopher Davis,cody75@example.com,+61757909158,839fcbe4-9612-41b4-bb04-95c69cfa4086
bc2abdb0-fefc-4ffa-85a0-7e9fc74dec39,Success,6d457799-0a8d-4b9c-b25b-1258aae212e5,StoneMoran,222.83,22.28,4 Michelle Amble,Port Shari,NSW,2960,2023-10-23 01:25:21,bank,997014,,2,Success,Margaret Webb,townsendjulie@example.net,08.1028.6080,5c38869c-8caa-4cae-9992-64739cff96aa
9f947734-6a3b-4adf-b6d4-7d779cc8164f,Success,382d2f9c-0463-4c57-b228-5beded11c3bd,Gregory Murray and Smith,99.25,9.93,7 Taylor Plateau,New Kylietown,QLD,2166,2023-10-22 20:53:57,digital_wallet,,wallet_gregory_murray_and_smith_cada09d,2,Success,Pamela Walton,kevin61@example.com,+61 8 6627 3034,fd3622fa-beab-467c-bded-bc0050c0c49e
44b3e211-1906-4bb8-bce4-6d948404ab6a,Success,adaca8ff-bbbc-470f-8fa4-08818631973b,Rojas Colon and Anderson,331.93,33.19,77 Kristina Front,Port Allisonview,WA,4250,2023-10-22 09:09:30,bank,679465,,5,Success,Scott Christensen,jennifer66@example.com,3090-3241,98d02b91-9eca-4290-8a47-93bc091266c6
48a1aebb-68d8-46ed-b968-f62bf9bda983,Success,66a0fa97-9ec7-44df-b063-eb005c50d395,Nichols Inc,279.81,27.98,Apt. 517 083 Smith Rise,Henryside,WA,2920,2023-10-23 17:33:31,bank,493363,,1,Success,Brian Galloway,bgay@example.net,+61.7.4172.7900,dd14b8d7-1da2-4d14-b37e-2667d9e65399
f141d883-52fb-4e9c-8530-40f46e32077e,Success,ea157136-dd72-4bed-a6fe-3e60099dc45e,WhiteRichard,347.89,34.79,Suite 252 73 Melissa State Highway,St. Mindy,NSW,1772,2023-10-22 21:42:25,bank,966936,,3,Success,Matthew May,bradydustin@example.com,+61.2.8659.8404,a50b8daf-f1d9-4751-ae96-2d24eb1f974c
c0efa3e6-9a1f-48da-a808-4d81dd0dcb41,Success,e09c9f95-373c-40c1-9054-e8b297c2113f,Paul PLC,227.19,22.72,41 Lowe Brace,North Barbara,VIC,2624,2023-10-23 08:18:21,digital_wallet,,wallet_paul_plc_1579eab,2,Success,David Powell,kyle07@example.net,+61785470720,ed600736-9387-4706-8fcc-fec223691648
f6b63ed9-7b16-4941-858c-3028dcbf9c70,Success,a445f17b-eae0-4241-9ba5-202f8ee1f5cd,Andrews Smith and Anderson,202.83,20.28,Unit 35 706 Rachel Circle,Townsendbury,QLD,2649,2023-10-23 09:54:08,bank,201964,,2,Success,Dennis Hardy,uscott@example.org,+61 498 999 140,6a37ec2d-b6e9-4bc1-bae7-7c488d41fc2d
1f173587-2653-4d07-8731-8001be2f78b4,Pending,bc7700fb-9047-4783-93e0-8ab4dacceb3e,MorrowJohnson,321.8,32.18,79 David Round,Murphyberg,SA,2786,2023-10-23 18:43:30,bank,934857,,2,Pending,Mariah Fisher,wjimenez@example.net,(02).3226.2515,30325296-e4b3-4c17-b985-67048a0e7f37
8bbc9c67-21b9-418b-ae24-3bedf9835f26,Success,e0574e94-9b11-46a9-97cf-c3f8379c1296,Gonzalez LLC,169.29,16.93,0 Young Expressway,New Lisaburgh,ACT,2696,2023-10-22 12:52:10,bank,127999,,4,Success,Eric Wright,kaiserheather@example.net,(08) 6205 4964,a1fd2261-6b3d-4165-a090-e704a4349bf8
e7f96bb6-17b2-4209-a8a4-e983608af543,Success,6204df4c-15dc-43b1-8191-f2fb0891e357,FrazierDavis,142.03,14.2,Level 4 874 Cohen Reserve,Jonathanland,QLD,2920,2023-10-23 02:00:42,bank,780646,,2,Success,Justin Barnes,kylecampbell@example.org,8580-7948,e9da6274-bbad-43eb-b233-77fc09d86c23
753259b5-7033-431c-8909-ea4bc1b47387,Pending,2b7d2a04-71a9-46a4-9b75-e84f6bfc7fe5,AllenTodd,79.0,7.9,27/9 Austin Formation,St. Robertburgh,QLD,2985,2023-10-23 18:29:48,bank,926748,,4,Pending,Sara Riley,dorothy42@example.net,2721-5097,23e6a7c1-447c-45e3-b196-03a60efe3bfc
ee764d9b-55f0-485b-b1c9-f1b7cb4a97b4,Fraud,9b6d1ae8-c651-496f-9eae-394263ef970c,WilsonMclean,280.74,28.07,45/035 Elizabeth Concourse,Wilsonfort,VIC,3121,2023-10-22 00:02:56,bank,887252,,4,Fraud,Adam Johnson,david58@example.com,5444 6046,89759ee5-7cdd-48a1-9b50-4c4ad5227998
99464065-d710-4806-8d2e-50cd2d7d24c4,Success,15534ba4-16e2-4697-8119-2d60b9cbade8,ThomasGilbert,323.69,32.37,94/9 Knight Bridge,St. Joshua,NT,0231,2023-10-23 18:41:28,digital_wallet,,wallet_thomasgilbert_1e3544a,2,Success,David Schwartz,uleonard@example.com,+61816926396,6917b0bb-9505-4d8c-9cf2-925a0b53e8a7
5ac2d8c4-9d2c-4938-8d46-347181107cb6,Success,714b778c-807b-4bbd-92ea-4313801b1e86,CookElliott,166.04,16.6,4 Wall Deviation,Hernandezburgh,NSW,2674,2023-10-22 03:42:17,digital_wallet,,wallet_cookelliott_60ee237,4,Success,Kurt Garcia,harpermatthew@example.org,+61 492 564 102,f7cf1f2b-ffda-4eb7-bd53-dc4e5db03b24
4d3ad71a-01c5-4852-a76c-a40e26687723,Success,a612a565-42bf-45ca-9dd0-309220043640,Doyle Hall and Contreras,300.6,30.06,93 Natalie Terrace,Fieldsstad,ACT,2326,2023-10-23 02:39:14,bank,162641,,2,Success,Robert Williams,rodriguezjodi@example.org,08-7644-8584,cf2ea03c-6ef9-4f2d-a944-48770bb990fc
2740ef95-e7fa-4652-8656-2ef50e176dec,Success,4b31c401-fb5f-4316-8b26-396b10b26148,Torres Orozco and Cohen,299.17,29.92,894/72 David Tollway,North Ryan,TAS,2973,2023-10-23 20:00:16,bank,169839,,5,Success,Donald Carroll,jessicawilliams@example.org,+61 2 5406 7134,cff5e3c9-5344-417f-9222-6e01288cdadf
bd2cbdef-c2b4-427c-a525-00e5e8ca428e,Success,0a0439a4-51fe-48a1-9667-200bd6aa45cc,Adams Group,93.78,9.38,Suite 052 2 Davis Copse,Wongshire,TAS,2775,2023-10-22 06:47:47,bank,395868,,2,Success,Janet Sanchez,mitchellwatson@example.com,(07)20621054,b443c3cd-dd1a-4eeb-8bad-6518b31792c8
80ad8723-1a5e-46fc-9914-414578389874,Success,cb203979-7376-4360-8d02-7d41a53a2d9e,Moran Inc,289.97,29.0,17 Miller Steps,St. Craigport,TAS,2877,2023-10-23 11:34:13,bank,383490,,3,Success,Melinda Fischer,greenedavid@example.net,+61 7 4512 3894,dc787b4c-a1e9-4ad0-9c1e-7423a437fff7
ed4ccc53-f58b-4a91-a7b0-d691d2d90260,Success,288a22ea-a702-4535-8d4c-7af205f99931,Ford French and Villegas,315.15,31.52,01 Villarreal Mew,Lake Kimberly,NT,2935,2023-10-22 05:08:00,bank,602374,,2,Success,Carol Lopez,lcarey@example.com,03.3360.0143,6c12d76e-0ab4-4212-ada5-920a5c0f8eb4
3a10726d-0e07-4738-9f13-52f9f5143957,Success,c3e093d3-5ca5-4bd8-a65b-02a98749da7a,Ferguson Ltd,468.5,46.85,41 William View,Duaneville,NSW,2920,2023-10-22 20:41:50,bank,522956,,5,Success,Joy Riley,catherine44@example.com,1973-0665,d680695e-a8f6-4ac5-90c9-dd29e8a307e1
34864da6-f149-493d-808a-550a80686bac,Fraud,504bc376-74f7-415f-8125-b7adc7d648b9,Lane Juarez and Waller,209.31,20.93,0/095 Holly Deviation,Victoriamouth,VIC,2606,2023-10-22 12:36:55,bank,960756,,2,Fraud,Pedro Alvarado,oroberts@example.com,+61-7-4428-9786,0a6feb07-3249-4ab5-bdbf-b6b6d3ece037
b334f52b-42d2-4853-8a6f-54d3d29dad1d,Failed,8f6e545f-8001-4858-8b76-ee353120b408,Blackwell Bowman and Porter,64.87,6.49,Apt. 019 5 David Gully,Hartside,NSW,2958,2023-10-22 15:49:02,digital_wallet,,wallet_blackwell_bowman_and_porter_3174a6e,1,Failed,Marissa Scott,johncordova@example.net,+61 8 9510 6045,de83e1fc-8602-43bb-8926-a976d1682842
8b83a09d-d9ee-48c8-8d73-f0058edfa9f9,Success,e163b6be-8b53-45d1-a63d-1ae98c9d06dd,Franklin PLC,130.37,13.04,86 Moore Walk,West Andrewshire,QLD,7246,2023-10-23 21:10:39,bank,223811,,2,Success,Justin Harris,dallen@example.org,(08) 8748 4259,aa3ae95a-c5a0-4eeb-a1e5-6dd80ddef31a
069a4cb2-a609-4593-8ead-170ecfac9734,Success,a445f17b-eae0-4241-9ba5-202f8ee1f5cd,Andrews Smith and Anderson,124.65,12.47,55/9 Patrick Plateau,Joneston,QLD,4794,2023-10-23 22:19:53,bank,204226,,3,Success,Loretta Manning,xjohnson@example.net,6180.9087,bd706824-593d-4346-9157-671e3f7406b1
b25767db-5ff5-4d9c-b837-2ed906475efd,Success,bb258400-c58b-4ced-bda6-1de10776a770,Flores PLC,60.07,6.01,Suite 178 67 Foster Frontage,West Larry,WA,2448,2023-10-22 15:25:55,digital_wallet,,wallet_flores_plc_69a6dd4,4,Success,Matthew Eaton,pamelamiller@example.org,92429393,a07e449f-5b7b-46f6-b76a-f7c3d4b32f47
6f4ed071-c8f4-420d-ae84-7e806e1bae26,Pending,a445f17b-eae0-4241-9ba5-202f8ee1f5cd,Andrews Smith and Anderson,480.28,48.03,Level 7 3 Floyd Piazza,St. Stevenfurt,VIC,2920,2023-10-23 05:32:45,digital_wallet,,wallet_andrews_smith_and_anderson_6ab7318,1,Pending,Stephanie Williams,mgarrison@example.com,0464 753 422,c417d8d6-f304-42ac-92e9-1c22260e8991
78b9dd40-e615-48c9-ac66-782dd4d9b6c5,Pending,adaca8ff-bbbc-470f-8fa4-08818631973b,Rojas Colon and Anderson,67.25,6.73,112 Martin Trunkway,Port Ashleytown,VIC,2944,2023-10-23 12:22:02,bank,105717,,5,Pending,Cory Thomas,jamie02@example.net,(07).2586.6303,02f4147f-0043-4288-ac32-0be39335e42f
0b64cab6-50e7-42f3-a0d4-b5dceb6946cf,Fraud,57ff77a1-4e3e-4866-96df-3e769456bf60,Goodwin Group,266.79,26.68,0 Herman Break,Prestonfort,ACT,2943,2023-10-22 17:50:09,bank,596533,,4,Fraud,Mr. Paul Ramirez MD,adamharris@example.org,+61 410 825 219,666454d8-1ffe-4e48-9896-1ca8aa158c37
f84448c7-94e7-443f-a784-affe2870b07f,Success,8f6e545f-8001-4858-8b76-ee353120b408,Blackwell Bowman and Porter,457.93,45.79,6 Green Ridgeway,Joshuamouth,QLD,2625,2023-10-22 21:22:09,bank,235725,,3,Success,Angela Gonzalez,joshualewis@example.net,02 2396 1974,eca3c941-e5b5-4689-99b9-b96167bede2a
6d1a6902-bbca-4f01-930f-7d052ca645f8,Success,e0574e94-9b11-46a9-97cf-c3f8379c1296,Gonzalez LLC,395.48,39.55,4/4 Mary Path,New Mitchell,QLD,2686,2023-10-23 20:21:48,digital_wallet,,wallet_gonzalez_llc_bee2fb4,2,Success,Justin Reed DDS,elijahbarrett@example.org,(03)59430136,f3882553-1111-41da-b6e5-b5768752814b
7cebcb2f-f356-4722-b676-2d17dbd5a86d,Success,4e98e54f-f766-4c55-bc99-03c10b0a658d,Hernandez LLC,318.99,31.9,4 Ricky Anchorage,South Christinehaven,TAS,2954,2023-10-22 17:15:23,bank,706875,,3,Success,Donald Townsend,garciarebecca@example.com,+61211113623,9c2b6e82-e9e0-469c-a7d2-1f47d9f28a25
e3906469-e6b3-43e0-9318-be05f433911e,Success,6204df4c-15dc-43b1-8191-f2fb0891e357,FrazierDavis,207.7,20.77,Suite 173 000 Kimberly Meander,Lake Charles,VIC,2311,2023-10-23 05:05:23,bank,827783,,1,Success,Mary Stone,krodgers@example.com,+61.441.666.091,9c40aa92-ffec-4e41-9c64-a0fa7fa50dd1
9058e57b-3c8a-402f-a812-0ee4fd83e856,Success,fdd534f7-127b-4d87-86d8-aaa70cf68b76,Kelley Ltd,14.53,1.45,Apt. 292 6 Reynolds Crossway,Conwayhaven,WA,2319,2023-10-22 08:09:51,bank,206714,,4,Success,Stephanie Mccoy,aguilarmelanie@example.com,2645 2618,09e9352a-da9d-492e-99f1-7e78b83e0c68
e1524076-f24c-4fbc-aae0-46d15c98d66a,Pending,cb203979-7376-4360-8d02-7d41a53a2d9e,Moran Inc,297.51,29.75,5 Monica Outlook,South Debra,NSW,0820,2023-10-23 21:01:01,bank,251730,,1,Pending,Kaylee Horton,rburton@example.com,+61-419-012-303,9ca9563d-8206-46e3-bf32-01017f67a1cc
90ca9a7f-b5e0-4ba3-aacd-41cd4b86ee73,Pending,1833e2a6-5916-479a-92b0-31eadf877fc3,StephensWalker,462.16,46.22,Unit 00 3 Katherine Ridgeway,Ryantown,WA,2920,2023-10-22 19:34:47,digital_wallet,,wallet_stephenswalker_b51cfb2,5,Pending,Derrick Rodriguez,sgriffith@example.net,02.4804.6515,70112de0-91b7-4690-9ca5-b38333dff6e9
1c913df0-b46a-4bd0-b8aa-dc1f6da3601a,Failed,41cec85c-cd81-413d-9e8b-508bca704c0e,PattersonJensen,145.49,14.55,Unit 27 5 Hill Circlet,St. Sara,NSW,2923,2023-10-22 18:10:17,digital_wallet,,wallet_pattersonjensen_c431a15,3,Failed,Jason Rice,astewart@example.com,+61-474-590-709,a66862d1-7c71-4d69-b776-f5dcb7daf28d
26cf281f-e40b-401f-8532-05a879af11c4,Success,211992b5-34c9-4b85-adba-afa08440bd53,Roberson PLC,160.42,16.04,48 Grimes Thoroughfare,Lindaberg,SA,2416,2023-10-23 11:54:41,digital_wallet,,wallet_roberson_plc_176aae8,5,Success,Joanne Long,hernandezlori@example.com,(08)-0879-2187,efe19c05-f325-48d9-975b-48166efda4e8
765af538-27cf-4335-b687-94c054e1bbb6,Success,e0574e94-9b11-46a9-97cf-c3f8379c1296,Gonzalez LLC,471.43,47.14,Unit 08 30 Cooke Fairway,St. Michaelbury,WA,2922,2023-10-22 15:46:03,bank,239894,,4,Success,Jordan Le,nicholasjohns@example.org,0409 471 655,a3c388ca-7654-4a28-bddd-fbc17c308a43
47486823-fd1f-4a15-a079-7d4687c53a23,Fraud,2b7d2a04-71a9-46a4-9b75-e84f6bfc7fe5,AllenTodd,195.31,19.53,848 Adkins Viaduct,Marvinside,SA,8388,2023-10-23 17:03:42,bank,923003,,3,Fraud,Clayton Jacobs,sara96@example.net,+61232649113,baac08cc-343a-42f1-882c-10dba113487a
e716d9d1-0aa0-4649-97a7-4baf38be6722,Success,0a0439a4-51fe-48a1-9667-200bd6aa45cc,Adams Group,220.58,22.06,5 Daniel Centre,Port Johntown,SA,2974,2023-10-22 22:16:27,bank,636436,,4,Success,Jonathan Anderson,joshuaconley@example.org,+61755862343,1426590c-49d5-43b6-a29c-8af76f8b3eb3
2f5059b6-d6df-4a9b-a101-68a21f4c13db,Pending,f8bfe6dc-97b5-4302-9be1-3aa731d4c9b5,JohnsonJohnson,52.19,5.22,6/393 Melissa Rue,West Jamie,NT,2352,2023-10-22 08:40:00,bank,414044,,5,Pending,Albert Gill,lawsonkathleen@example.org,+61.498.536.740,0fbd9db1-1890-4258-adb8-8c357a35f4fd
b2214f57-6110-4f82-98ca-00b6b044a7e1,Fraud,7bd0566a-ad06-4423-a7f8-f4bc9b12b40d,Sanders Washington and Wheeler,472.27,47.23,Apt. 792 17 Nicole Terrace,Littleland,SA,2606,2023-10-22 01:05:18,digital_wallet,,wallet_sanders_washington_and_wheeler_a206ee9,2,Fraud,Jennifer Johnson,emilylewis@example.org,08-7798-2468,36134ba9-4fb2-4299-b765-c309a3e3845c
0af7e60a-a802-4a34-9228-c06d953ee410,Success,66a0fa97-9ec7-44df-b063-eb005c50d395,Nichols Inc,105.51,10.55,5 Andrea Broadway,St. Susanville,TAS,2937,2023-10-22 10:18:19,bank,623576,,4,Success,Michael Jones,millerkimberly@example.com,08.9260.0814,7921a6ab-4cf7-44bb-8f82-96bd03c36157
186bec47-4761-4a72-9a73-f79819a4d99e,Pending,57ff77a1-4e3e-4866-96df-3e769456bf60,Goodwin Group,221.75,22.18,12 Gregory Elbow,West Edwardton,QLD,2937,2023-10-22 01:14:46,bank,587075,,2,Pending,Felicia Howell DDS,brian47@example.org,+61.3.1014.4888,4e862f55-c95b-4a06-b02b-4490534f625b
e30019cf-9a0d-4527-b1eb-d144b4d7e06a,Fraud,378fb441-4f71-400f-a94f-941030ced361,BrooksPacheco,213.64,21.36,165 Maldonado Line,Richardsonfort,TAS,2372,2023-10-23 20:33:46,bank,116964,,2,Fraud,Kristin Warren,gloria97@example.net,0472.922.615,e1e78b36-9c10-44ef-a033-83cd41806e43
9df0a67e-c4ef-4e93-8676-5ac602f24702,Success,cd9404fd-f18e-493c-8884-a87ef3d5ee5d,Walker Burgess and Hendricks,200.27,20.03,Flat 69 8 Nicholas Dale,Nelsonton,SA,2215,2023-10-23 01:24:18,bank,914187,,4,Success,Mike Palmer,alicia03@example.com,03-0005-2511,50394365-9d9f-4498-adce-ba903f3492d0
e397134f-f179-4bfa-bc53-ff2745b33b3a,Fraud,dec101e2-cb44-46bd-a690-22b1dc5df207,Fletcher and Sons,46.67,4.67,Apt. 015 66 Jesus Beach,Robertsport,QLD,2922,2023-10-23 10:23:38,bank,596450,,2,Fraud,Crystal Robinson,rebecca89@example.com,13942453,5d870454-e451-4392-a4f2-4c3b13d944c5
08ee715c-3435-42f1-ad19-1195a967d5b6,Pending,1663c4c1-a5ae-4111-9bbd-38c485f79f45,Lane Stevens and Garza,377.96,37.8,Flat 76 7 Amanda Track,Allenland,QLD,2330,2023-10-23 03:08:49,bank,246801,,3,Pending,Anthony Edwards,taylorjoe@example.net,+61.8.1117.2193,f605dfbc-af04-42d5-881d-7c354f876de6
a8a17ecb-0fe5-449d-86cb-b388c49a312e,Success,1833e2a6-5916-479a-92b0-31eadf877fc3,StephensWalker,23.68,2.37,Level 8 155 Smith Riverway,Guzmanbury,NSW,2639,2023-10-23 15:56:19,bank,986436,,5,Success,Laura Harris,gambleadam@example.org,(02)-6417-7879,a3154153-b305-4f63-916a-a20d84649896
994a166e-7673-4410-a70a-79bb5f5bffbf,Success,bbe9a25a-2613-4d65-beba-a60d2e7cbfb4,Bowers Sellers and Davis,460.15,46.02,6 Shannon Corner,South Carrie,QLD,2920,2023-10-23 19:32:41,bank,361866,,4,Success,Deborah Lee,richardali@example.net,2922-9317,6e29de25-bad3-4492-9524-8547ab03a321
4d50a771-e4bb-4872-8f91-586076ba57f9,Success,0a0439a4-51fe-48a1-9667-200bd6aa45cc,Adams Group,345.4,34.54,Level 2 41 Diana Villas,Lake Nicholasmouth,WA,9683,2023-10-23 11:56:08,bank,886821,,3,Success,Cesar Garrett,stevengarcia@example.com,+61878077684,ba896892-805a-42b5-8082-9ec31d656db0
f0874c7a-f4c1-42fc-93d8-821b1a00a2dd,Pending,288a22ea-a702-4535-8d4c-7af205f99931,Ford French and Villegas,243.62,24.36,Suite 002 7 George Ramp,Randytown,NSW,2985,2023-10-23 14:50:49,bank,798421,,5,Pending,Alison Young,mooremalik@example.net,+61.425.242.390,875729c6-d79b-4ee0-b8da-b85ee74ceb88
523addc6-0ef2-4482-bb62-7347eb873ebb,Fraud,8c54d93f-d6c8-4292-941a-5612b877cdfc,Hernandez Ltd,14.56,1.46,84 William Ground,North Melaniefort,QLD,2605,2023-10-22 01:59:34,digital_wallet,,wallet_hernandez_ltd_f7382e8,1,Fraud,Thomas Knight,lisa97@example.com,6499.6900,2ce91b68-fed7-465b-b108-90289f5e708f
92998f2f-9f40-4de6-b4a2-d7373ddb4555,Success,68a6bf5e-0e68-44f7-b97e-a7de752149da,Esparza Hoffman and Parker,420.87,42.09,Flat 78 13 Fuller Vale,Wilsonburgh,SA,2797,2023-10-22 00:40:37,bank,647139,,5,Success,Kristine Nguyen,jennifer14@example.net,03.7207.2101,8b9dab54-4d08-485a-99f4-5656c9ae81eb
4f442c82-b496-421d-9b22-61817ce65fe7,Pending,cbd6a615-e96c-42fd-8402-c7c65d2b29cc,SmithJohnson,392.44,39.24,Apt. 173 70 Alejandro Alley,East Richard,TAS,2347,2023-10-22 17:09:43,bank,260690,,3,Pending,Leah Austin,paulwilliams@example.com,03.8345.6496,d4794cfb-9647-4cc6-81dc-047937b94cd1
268ad772-1e25-4198-85e8-ee6aecaba118,Success,68a6bf5e-0e68-44f7-b97e-a7de752149da,Esparza Hoffman and Parker,217.97,21.8,9 Sylvia Lookout,North Wesleyshire,NSW,2874,2023-10-22 09:16:44,bank,680462,,3,Success,Paula Friedman,richard39@example.com,08.8464.3252,814050b1-8673-4fd6-89be-3ea5af3f68f3
798a0d36-6c29-41e4-bbfb-06162ac319dd,Fraud,7489065f-c5ba-4822-8920-1c137e9fdc3c,Lopez Chandler and Ochoa,426.38,42.64,Apt. 079 810 Vance Artery,Simmonsside,SA,2696,2023-10-22 02:04:07,bank,762003,,4,Fraud,George Hardy,jfuentes@example.com,4426.0785,b13b982d-00f5-48cb-ba00-b681ca0ca995
65521d4b-6b75-4842-ba34-8958af661e0f,Success,91c9245a-5971-4ba3-8de8-bdb6f849ff5d,AllenBrown,356.52,35.65,3 Brendan River,Teresaburgh,VIC,2857,2023-10-23 06:41:48,bank,302754,,2,Success,Pamela Montgomery DVM,ewilliams@example.net,08.0619.7798,74ae2387-ec17-4dc5-8802-6135d3f975a6
387daea8-534b-4f60-ae3c-14ae7aee6b31,Pending,43a6d815-6173-48fb-8bde-b0be7912c3b5,Hays and Sons,426.88,42.69,Suite 869 398 Kelly Arcade,Calderonport,SA,3907,2023-10-22 12:30:34,bank,798909,,1,Pending,Terry Mercado,matthew83@example.net,0486 914 296,44c06b0c-2347-4510-8aca-2411ac62e691
2dd716dc-89e7-46f4-995d-2e7392b90bd6,Success,34712837-4044-4f55-b3e2-bcc47f547710,Serrano Inc,211.83,21.18,63/30 Perez Byway,Robinsonberg,QLD,2610,2023-10-22 03:59:25,bank,195374,,3,Success,Michael Patel,ryanporter@example.com,02167569,28b40750-bba1-413b-95d2-408579e81864
4269321a-423f-4784-9777-a53be4a0b419,Success,f94eb4df-4aad-4ff2-a7ed-6c4d73e261dd,ZhangJimenez,163.15,16.32,370 Thomas Foreshore,St. Terri,NT,2984,2023-10-22 03:32:19,digital_wallet,,wallet_zhangjimenez_2aed858,2,Success,Amy Knapp,thompsonclayton@example.com,0460.449.022,c55e30da-db30-403c-b25e-0afdf0a4fa63
af78a14b-d1f8-48e2-b264-be626b776a78,Pending,c74402d9-ef2e-4a08-87b3-dc154a13c079,MendozaMathis,283.65,28.36,85 Kristina Courtyard,Allisonbury,TAS,2549,2023-10-22 00:29:07,bank,353395,,3,Pending,Mr. Richard Jenkins,angela70@example.com,+61-482-986-951,372f034d-3e70-4feb-846d-304ca6bd2314
0d01c4f0-36fb-4452-8676-3b9e88c220e5,Pending,211992b5-34c9-4b85-adba-afa08440bd53,Roberson PLC,356.74,35.67,59/7 Harris Quays,Carolynstad,ACT,2560,2023-10-22 06:24:18,bank,562710,,2,Pending,Billy Morris,browngarrett@example.net,(02)-4631-4576,d26ff7de-f8a4-431e-813b-3d8c4acd98ab
70c036cf-60e0-4dd8-acdc-758ba75b7d2a,Failed,4e98e54f-f766-4c55-bc99-03c10b0a658d,Hernandez LLC,311.73,31.17,21 Stephen Crossing,Marktown,SA,2900,2023-10-22 15:56:03,digital_wallet,,wallet_hernandez_llc_9b8c884,2,Failed,Mark Cooper,bdavis@example.net,+61-498-778-869,fea68baf-b0a4-4209-b253-e9ed6b7bb7e7
792a312e-c3dc-4b54-a1e4-645feb4fb16b,Success,68a6bf5e-0e68-44f7-b97e-a7de752149da,Esparza Hoffman and Parker,26.38,2.64,Suite 653 229 Graham Dip,Brownmouth,NSW,2531,2023-10-23 18:54:49,bank,651578,,5,Success,Jose Ramsey,hernandezangela@example.net,+61.405.540.197,7de9ca9e-0711-4298-b22a-af0e3dd07d46
7e26bb27-4fb4-407f-a1a0-081499283632,Success,adaca8ff-bbbc-470f-8fa4-08818631973b,Rojas Colon and Anderson,15.63,1.56,653/879 Parker Tarn,North Lauren,NT,2926,2023-10-22 10:56:19,bank,483097,,2,Success,Lori Johnson,huntamanda@example.net,0465.089.766,10b239b6-dd71-4d89-802b-791528f4651a
8f776d3f-d924-42e6-9843-680fd710e713,Success,4b31c401-fb5f-4316-8b26-396b10b26148,Torres Orozco and Cohen,281.74,28.17,Apt. 075 78 Love Block,Frenchport,NSW,2683,2023-10-22 11:45:04,digital_wallet,,wallet_torres_orozco_and_cohen_ad5c5b2,2,Success,Tony Carter,vincentbooth@example.org,8541-4666,951c1734-2b2a-4083-996e-f82cc1d4b250
14bec727-536b-472e-b3b1-82d23fa96d52,Success,c8ce2812-f5ad-42b6-b24a-5db614ead0e7,Ortiz Valentine and Case,413.79,41.38,Level 3 61 Lopez Green,South Samanthashire,SA,2616,2023-10-22 16:11:03,digital_wallet,,wallet_ortiz_valentine_and_case_5684bc3,5,Success,Garrett Cunningham,hollowayjames@example.org,(08).2408.8099,f9a5393d-cb55-42be-9a5b-bf07324b7575
64550361-343a-42ba-9c2c-81720c72d62e,Success,cb203979-7376-4360-8d02-7d41a53a2d9e,Moran Inc,141.67,14.17,183 Alyssa Gap,South Thomasside,TAS,2952,2023-10-23 17:52:56,bank,787675,,3,Success,Cindy Lamb,rodriguezmichael@example.com,(03)-7882-4647,dcfa2f0e-2043-4dd1-93e9-b7f0070b18cb
94ca849c-a8c4-47fd-8029-d84fb660c623,Success,d10ebb44-6337-4f49-acda-d9ae853f3679,Dodson Lang and Alvarez,65.41,6.54,9 Nathan Way,Millerhaven,NT,2798,2023-10-22 19:10:19,bank,381029,,1,Success,Amanda Lewis,nguyenmichael@example.org,03.7239.7389,ed37c216-5aa0-4a85-951f-9a077d0dd26b
f584be32-0648-41cf-a4c0-fb087601a8ac,Success,e09c9f95-373c-40c1-9054-e8b297c2113f,Paul PLC,490.69,49.07,603 Dickson Road,Port Tanya,NSW,2985,2023-10-22 02:22:47,bank,827690,,4,Success,Ryan Wells,jamesjohnson@example.com,+61.497.806.452,8206a81e-61bd-4540-8379-7a7cadfc6a76
d864cd4a-9b39-478d-a2da-a82019d2ecd9,Success,4e98e54f-f766-4c55-bc99-03c10b0a658d,Hernandez LLC,398.17,39.82,4 Jacob Rotary,New Justin,QLD,4853,2023-10-22 21:57:08,bank,385345,,1,Success,Brandon Harris,robinsonjohn@example.org,+61.8.8679.6939,897e1537-775a-42fd-bb88-a794117f78ea
6b97873c-18f7-4828-8cd5-f9c2fde99b2e,Success,66981482-c1e2-427b-b35c-93c5e03c1caa,JacobsonEvans,185.13,18.51,7 Brenda Corner,West Melissaville,WA,8829,2023-10-22 12:26:33,digital_wallet,,wallet_jacobsonevans_cdc9d2d,1,Success,Brandon White,eileen96@example.com,(08)-0226-7996,9a514c5a-db27-48a5-90fd-cb84135b7045
c6ddcf2c-669f-4b77-86ae-79afca64adce,Fraud,8c4c333d-0673-4378-a402-295203a530e4,Williamson Ltd,243.92,24.39,4 Day Crossroad,Reedmouth,VIC,2928,2023-10-23 03:46:36,bank,229428,,1,Fraud,Aaron Harris,qbrooks@example.net,+61 2 6609 9325,4ce6f9f0-fb52-456d-8589-71a2488e3774
1eb30fb6-16b8-47b5-8737-7f40fdcfbc0c,Success,f6ff802c-09d0-482e-8262-f14364c9f5c3,Tucker Stanley and Dominguez,423.53,42.35,45/48 Allen End,Taylorland,TAS,2679,2023-10-23 19:12:50,bank,796811,,4,Success,Kara Burke,jenniferarnold@example.org,0348391498,8846f21c-2d8a-47e8-a593-606ca38d3025
fbe5f933-f063-4a89-952b-10066eb17975,Fraud,6d457799-0a8d-4b9c-b25b-1258aae212e5,StoneMoran,77.32,7.73,Flat 56 0 Carpenter Garden,Bryanview,TAS,7226,2023-10-23 00:15:39,bank,857974,,3,Fraud,Jacob Knight,brenda73@example.com,+61.8.5664.5699,1f5d003d-e3e8-4f00-b98d-7b82d1354f63
e4328307-1c7e-44f3-9685-d9914b5416df,Failed,e163b6be-8b53-45d1-a63d-1ae98c9d06dd,Franklin PLC,442.84,44.28,0/06 Tyler Brow,Port Michelleton,SA,5920,2023-10-22 08:13:21,bank,344307,,5,Failed,Mrs. Rachel Kelly DDS,vthomas@example.net,+61.3.4953.4001,d2ba3b14-0130-4978-8950-78f74c7efd8a
3c373261-47a1-45f7-ae20-733f85cac6e1,Success,cb203979-7376-4360-8d02-7d41a53a2d9e,Moran Inc,47.28,4.73,Apt. 625 7 Janet Piazza,Kennethbury,QLD,2985,2023-10-22 02:04:35,bank,556851,,2,Success,Kiara Mayo,bushjason@example.org,02.9847.4913,543633d2-bee4-4a9a-840b-7bee7abf64bc
342348fd-b32f-41df-bc14-dc5e33665d02,Success,695e7bed-47d4-44ed-8d96-18cc946ba013,Mcguire LLC,489.38,48.94,Unit 83 2 Gonzalez Crossing,New Michael,SA,2953,2023-10-23 08:24:19,bank,183344,,1,Success,Andrew Brown,xgray@example.net,+61.497.142.521,b40857ae-98c1-4b2b-9fbf-1993cc86f377
687174a3-f20e-4156-b6ae-323f521ec1b3,Success,e0574e94-9b11-46a9-97cf-c3f8379c1296,Gonzalez LLC,35.24,3.52,Suite 057 20 Diane Crossroad,West Erikburgh,NSW,2923,2023-10-23 21:32:47,bank,715176,,4,Success,Andrea Mcbride,danielsjuan@example.org,4263-9290,72c863ee-27f6-4a82-951b-83704d7578a6
096d436a-9939-4690-8905-19bbd5b5edbe,Success,e0574e94-9b11-46a9-97cf-c3f8379c1296,Gonzalez LLC,382.92,38.29,Flat 86 7 Anna Meander,Chelseaville,VIC,2636,2023-10-22 13:21:47,digital_wallet,,wallet_gonzalez_llc_b71942f,3,Success,Mark Williams,schultzjohn@example.com,(03)-3603-7064,2755788b-917c-4c21-b29b-d27139a7924e
5a609666-8cb7-4754-bd4d-2a2a22f17a09,Success,d10ebb44-6337-4f49-acda-d9ae853f3679,Dodson Lang and Alvarez,246.92,24.69,232 Cynthia Frontage,Jennifershire,VIC,2957,2023-10-23 17:49:07,bank,411717,,1,Success,Charles Ware,cynthiacooper@example.net,+61 3 0737 2156,b94aa557-cbb8-4039-ac53-7d9cdb95da8f
cb1d2d6c-c892-4292-9977-91ccb2e63806,Failed,adaca8ff-bbbc-470f-8fa4-08818631973b,Rojas Colon and Anderson,342.93,34.29,2 Ortega Byway,Lake Jackfort,WA,2655,2023-10-23 15:59:08,bank,649293,,2,Failed,Jennifer Andrews,delgadoaustin@example.net,+61 3 3353 5447,21230dd0-6735-4cea-bb65-27019b226fce
19990f2b-9a02-47e8-8c7f-bb0b85d80194,Success,e0574e94-9b11-46a9-97cf-c3f8379c1296,Gonzalez LLC,352.62,35.26,724 Steven Tollway,East Georgeland,WA,2520,2023-10-22 22:15:33,bank,915420,,4,Success,Amber Johnson,emartin@example.net,6370.5494,aa09c1fb-2fb2-442c-a94e-732b2b555546
4e7255ec-0b20-4acb-a025-82a5041d2763,Success,504bc376-74f7-415f-8125-b7adc7d648b9,Lane Juarez and Waller,320.89,32.09,781/997 Hannah Roadside,St. Mikeburgh,NSW,2966,2023-10-22 11:09:34,bank,252793,,4,Success,Jason Douglas,rebeccascott@example.org,+61741527562,e1b94574-31b1-4d14-b524-37d82fb650b8
bfcfe3ab-b5f6-4265-bc13-ab65d8c1449b,Success,1bce9184-c570-4f78-9524-8c8571579a01,Ingram Ltd,141.82,14.18,Unit 93 7 Michael Firetrail,Oliviachester,NT,0846,2023-10-22 10:01:16,bank,308876,,2,Success,Elizabeth Cook,nelsonantonio@example.com,(07).9761.8430,58556bcd-9c43-41b5-8dea-43c30a20f53d
4842df37-42d1-42e3-ace7-db3219f98e03,Success,f683ed59-3ad2-41c0-b8a2-b45596783590,Benitez Ballard and Kane,102.59,10.26,Unit 12 947 Maria Laneway,Riverastad,WA,2685,2023-10-23 13:28:21,digital_wallet,,wallet_benitez_ballard_and_kane_8f7fb17,5,Success,Valerie Sanchez,tina47@example.net,+61.7.0936.2508,bdd252ca-367d-4fc6-937f-f2b60768bc46
d9b6de00-6e22-4d58-96d0-bf66c2711109,Fraud,6bf77195-e24a-488d-ace8-681b391073f8,WillisSmith,178.84,17.88,Flat 58 6 Logan Estate,Gabrielbury,NSW,9496,2023-10-23 07:02:09,bank,156068,,1,Fraud,Tanya Mejia,jefferyjames@example.org,1759-7399,7eb4fa7a-f19d-4b87-9da2-9776b38462d9
9cb3320d-213e-4a8d-ae2f-828540e98730,Success,75b334f7-6c28-4113-9990-fd1ec52ff627,Romero Stephens and Casey,463.5,46.35,435 Yoder Lees,Myersberg,VIC,0857,2023-10-22 10:44:32,digital_wallet,,wallet_romero_stephens_and_casey_a9fd93f,2,Success,Anthony Owens,angelabuck@example.org,0318865874,d4c76669-4701-48d5-b07a-0ef0eaab080f
57a1952a-13ca-496f-a1f5-bad149262f49,Success,c74402d9-ef2e-4a08-87b3-dc154a13c079,MendozaMathis,35.09,3.51,9 Amanda State Highway,North Misty,NSW,0252,2023-10-23 05:54:07,bank,165224,,3,Success,Gabriel Banks,williamstim@example.org,(03)-5881-9728,a0b03624-5332-4f86-b3b1-d36f33f5eff0
ec6317f0-57ba-4a00-9b1b-0da57b208123,Pending,c8ce2812-f5ad-42b6-b24a-5db614ead0e7,Ortiz Valentine and Case,409.79,40.98,Flat 20 100 Jamie Ride,Port Jameshaven,QLD,0265,2023-10-23 18:06:27,bank,337691,,2,Pending,Michael Mitchell,joshuajackson@example.org,+61-459-671-359,121b88ed-eed7-4497-8e63-ce71e7cd2ffe
8a97fbb2-aa06-4c41-b16b-452a517e2dc5,Success,fd79cb45-6941-478a-bc6d-a1efb6ae341f,KennedyGallegos,53.81,5.38,Flat 50 2 Wolf Link,Wilsonborough,QLD,2678,2023-10-22 10:29:34,digital_wallet,,wallet_kennedygallegos_a52e6a7,5,Success,Allison Macias,qgreen@example.com,(02)52426438,56b5b17a-9f11-4708-ad31-ffe06a498958
9ac97acc-b46c-474f-9bee-330203ab7a9a,Success,74552a41-5bdd-44e7-ab6a-d31c0210d935,MartinezDiaz,90.32,9.03,9 Perkins Crescent,Griffinshire,NT,2959,2023-10-23 06:22:21,bank,713483,,5,Success,Vickie Simpson,kathleenmurphy@example.org,+61.7.3373.0996,ce185a83-4dd5-4ab7-815a-241da9f03b09
0d766ac9-c544-4fed-92eb-4fc93a98328b,Pending,c09aa58d-e312-4dab-9f30-9fb9314a0391,Moore Ltd,361.04,36.1,483 Tyler Reach,Port Michael,NSW,2974,2023-10-23 01:21:21,bank,406785,,3,Pending,Jennifer Palmer,kelseyclark@example.com,4072.8192,ebc940f6-9330-413d-afc7-cbd62598decc
016692fc-6297-4c5d-b1dd-000a891108ea,Success,373c116f-09fc-4f71-9f09-a44fbeb70ac3,Pearson and Sons,42.0,4.2,386/283 Richard Ridge,Karenton,WA,2935,2023-10-23 14:33:55,bank,621569,,2,Success,Erika Diaz,mgallagher@example.com,6802 1314,6df4bb8d-235d-4d15-8142-567e93b5b8d0
ea46085d-687b-4dc2-8398-0ae6efc55106,Success,c74402d9-ef2e-4a08-87b3-dc154a13c079,MendozaMathis,13.93,1.39,Apt. 645 898 Williams Upper,North Leslieview,ACT,2920,2023-10-22 22:07:07,digital_wallet,,wallet_mendozamathis_8b8d027,5,Success,Crystal Gill,jonathan83@example.com,0424.802.133,33e50e9a-10c2-459c-af3c-6d180afd04d5
05c61ae2-194f-4dac-94ef-60d406df8380,Fraud,c3e093d3-5ca5-4bd8-a65b-02a98749da7a,Ferguson Ltd,121.01,12.1,Flat 43 35 Beck Range,Daisymouth,WA,4798,2023-10-23 07:12:58,bank,209159,,2,Fraud,Amanda Doyle,zwatson@example.net,03.4999.3520,e681f055-3afa-4646-871f-084407566df1
905deaf3-a571-4b6a-af25-f459a54d4812,Success,0a0439a4-51fe-48a1-9667-200bd6aa45cc,Adams Group,357.88,35.79,Apt. 365 059 Lori Meander,Robertsshire,NT,9743,2023-10-23 20:37:58,bank,919398,,2,Success,Melanie Blevins,jimenezshane@example.com,0418.589.451,9ac42787-c12a-41b2-baac-8335971d2364
d3609179-7b7f-4f90-aa07-68ca3c5432a6,Success,714b778c-807b-4bbd-92ea-4313801b1e86,CookElliott,165.9,16.59,740 Sharp Cruiseway,Torresside,ACT,2939,2023-10-22 06:51:17,digital_wallet,,wallet_cookelliott_ca6b6a5,3,Success,Christopher Owens,ijames@example.net,+61362822990,06502f31-b498-4703-bba1-4a1493041e0f
7b59e345-310e-4c43-8303-1ec78e0d8812,Success,7489065f-c5ba-4822-8920-1c137e9fdc3c,Lopez Chandler and Ochoa,200.23,20.02,Unit 36 036 Carr Strip,Kimberlyhaven,WA,2915,2023-10-22 04:08:10,digital_wallet,,wallet_lopez_chandler_and_ochoa_264777c,3,Success,Kimberly Newman,bradleysanders@example.net,0456.057.722,6d31e227-19e3-48ed-bbe9-2ab47d07ce6c
289bfc3d-9d35-40ca-9ce2-5562b8037504,Pending,66981482-c1e2-427b-b35c-93c5e03c1caa,JacobsonEvans,247.86,24.79,050/9 Atkins Highroad,Port Markburgh,QLD,2381,2023-10-22 14:55:57,digital_wallet,,wallet_jacobsonevans_c3c9811,5,Pending,Casey Parrish,acostadominique@example.net,03-1507-4557,e02f8355-2896-405f-ac75-07344839ed1a
49d191ed-c2c2-497d-8544-1a63c3771db8,Success,bb258400-c58b-4ced-bda6-1de10776a770,Flores PLC,270.44,27.04,2/5 Jones Wade,Doristown,SA,2955,2023-10-23 10:23:54,bank,799267,,3,Success,Francisco Ramsey,shawsarah@example.org,7147-2632,c9296351-2a89-4885-a671-136b3f651727
a0863754-50da-4b2b-81ba-476be41722c8,Failed,8729c0a3-785e-4284-8bb6-af292e8edd3f,Guerrero Wallace and Mahoney,150.4,15.04,519 Hicks Lane,North Jonathanbury,NT,2639,2023-10-23 02:33:58,digital_wallet,,wallet_guerrero_wallace_and_mahoney_e7351c7,5,Failed,Blake Bush,jpotts@example.com,66985006,b0840087-8fa5-4f49-a283-3642d0c86efe
eaaeba33-f6e3-4650-82ad-49d402193968,Success,695e7bed-47d4-44ed-8d96-18cc946ba013,Mcguire LLC,425.54,42.55,54 Sara Rosebowl,Lake Brianhaven,NT,2759,2023-10-23 05:55:28,bank,760090,,2,Success,Laura Mckee,christophermarsh@example.org,+61 7 8085 0876,19c3ab9c-fe2f-4bb1-addf-4a79a62c44da
14106011-e6e1-4eee-96a6-89aa65ed6abb,Pending,b79fa303-22ca-4300-812c-3496562f2b12,ClarkMorales,89.52,8.95,511 Joan Gully,Smallland,WA,2929,2023-10-23 08:59:12,bank,602922,,5,Pending,Rick Bryant,holly71@example.com,0471 265 920,309622de-bd3f-4b89-b89b-70b80527d865
9fb0b763-2d8c-4c9c-a947-5a17f31127fe,Success,15534ba4-16e2-4697-8119-2d60b9cbade8,ThomasGilbert,254.92,25.49,24 Castro Circus,Gregoryview,VIC,2569,2023-10-22 17:46:27,bank,820651,,1,Success,Justin Rogers,lhall@example.org,03 0740 9849,85f99974-e0f4-4a2c-8ab6-a01986bf70ce
74a1af74-5d89-41bf-8e23-a222db9a114b,Success,7f8119a4-4d2e-40c5-b5cd-08f633b43885,Jenkins Grant and Collier,194.17,19.42,5 Kelly Circlet,North Shawn,QLD,2591,2023-10-22 08:02:09,bank,545461,,4,Success,Elizabeth Miller,annetteortiz@example.org,+61317494755,dcd10a86-c22e-4ff6-9799-4ae00a09794d
cca2c61e-8aff-4f9a-999a-d73d7afff296,Success,378fb441-4f71-400f-a94f-941030ced361,BrooksPacheco,178.23,17.82,8/2 Guerrero Parkway,Port Karlashire,ACT,0200,2023-10-22 10:53:31,digital_wallet,,wallet_brookspacheco_6393b13,5,Success,Theresa Gardner,james56@example.com,+61-3-6033-0431,57846f70-acbd-49be-a665-8ea9eeef7fe4
c78657df-c0fd-43bc-8c59-9a83a693e5a0,Pending,75b334f7-6c28-4113-9990-fd1ec52ff627,Romero Stephens and Casey,152.1,15.21,Apt. 228 767 Aaron Parkway,St. Alec,VIC,2930,2023-10-22 01:24:14,bank,130286,,2,Pending,Matthew Greene,xlewis@example.com,02.5961.0411,05062853-064f-4a01-9e2f-8c68e60b9ba2
721846cb-fe75-4530-9a02-95ed3c8c826b,Fraud,4e98e54f-f766-4c55-bc99-03c10b0a658d,Hernandez LLC,157.39,15.74,Apt. 883 673 Turner Colonnade,Tanyaville,WA,2038,2023-10-22 06:12:30,bank,579599,,1,Fraud,Michael Strickland,srobinson@example.net,0340323224,52c68c92-8c19-4b68-9bed-11a313cb0629
a4d56175-a191-46b6-aecc-078f1b7528ef,Success,75b334f7-6c28-4113-9990-fd1ec52ff627,Romero Stephens and Casey,38.9,3.89,8 Francisco Common,Pottertown,VIC,0214,2023-10-22 08:46:44,bank,949077,,4,Success,Richard York,frank22@example.com,03-0030-5106,d8de7e19-4e88-4c4e-933d-0d08d32a784f
df166b91-d68f-4f82-ba06-1cff2bf92b9b,Success,85a50e12-9275-476c-88c1-435fe22b0339,Martin and Sons,325.75,32.58,96 Sharp Circus,West Kellyshire,ACT,2493,2023-10-23 13:01:33,bank,948738,,4,Success,Erin Kelly,robertperez@example.net,94146258,931e5b17-81d6-4887-9a77-94120a0d821d
986f1df7-347a-47f7-94cc-2140b1df2eec,Success,4e98e54f-f766-4c55-bc99-03c10b0a658d,Hernandez LLC,407.99,40.8,Unit 05 85 Boyer Elbow,East Jacobbury,ACT,1946,2023-10-23 19:59:49,digital_wallet,,wallet_hernandez_llc_a0d186d,5,Success,Courtney Vargas,fhernandez@example.com,+61 7 9272 1481,36b3b4f3-1b49-41fb-8ac4-30c3fd5038cd
6d0c1550-1515-4099-9f91-0e6600726b50,Success,c1d2dd91-948c-4351-9272-a17ba031ea6c,AtkinsonNewman,419.76,41.98,166 Mary Top,Lake Christopher,TAS,1508,2023-10-23 19:07:18,bank,777039,,2,Success,David Pearson,cantuelizabeth@example.org,08 0556 4997,a5d10195-8439-4d5a-9dc7-953801f6e5ae
24fc9d16-7af9-43ed-ae9f-379fd2c050db,Success,41cec85c-cd81-413d-9e8b-508bca704c0e,PattersonJensen,48.57,4.86,2 Hill Circus,West Brianmouth,NT,2933,2023-10-22 01:07:17,bank,972385,,4,Success,Theresa Greene,egray@example.org,02 7730 9213,b5948328-7d49-4767-b02c-2efa6d6e5704
41202d2f-bead-4de1-a46c-9edcbff041a8,Success,8f6e545f-8001-4858-8b76-ee353120b408,Blackwell Bowman and Porter,115.84,11.58,7/6 Bentley Alleyway,North Peter,NT,2986,2023-10-23 13:56:04,bank,166864,,2,Success,Andrew Obrien,xfigueroa@example.com,(07)52770434,6ff8a332-0193-442e-863c-7f82707a3add
88b6c458-c526-407f-9371-d14276741914,Fraud,cd9404fd-f18e-493c-8884-a87ef3d5ee5d,Walker Burgess and Hendricks,97.37,9.74,565 Bryan Rest,Thomasmouth,WA,8092,2023-10-23 16:44:40,bank,667828,,3,Fraud,Sara Moran,smithbryan@example.com,+61-8-1677-3873,3d8f5f62-42ce-49ce-8461-84136266a19c
